{
	"footer-adv-layout-1": "<svg width='100' height='70' viewBox='0 0 100 70' fill='none' xmlns='http://www.w3.org/2000/svg'><path d='M10 12C10 10.8954 10.8954 10 12 10H88C89.1046 10 90 10.8954 90 12V70H10V12Z' fill='white'></path><rect x='17' y='31' width='66' height='18' fill='#DADDE2'></rect></svg>",
	"footer-adv-layout-2": "<svg width='100' height='70' viewBox='0 0 100 70' fill='none' xmlns='http://www.w3.org/2000/svg'><path d='M10 12C10 10.8954 10.8954 10 12 10H88C89.1046 10 90 10.8954 90 12V70H10V12Z' fill='white'/><rect x='17' y='31' width='32' height='18' fill='#DADDE2'/><rect x='51' y='31' width='32' height='18' fill='#DADDE2'/></svg>",
	"footer-adv-layout-3": "<svg width='100' height='70' viewBox='0 0 100 70' fill='none' xmlns='http://www.w3.org/2000/svg'><path d='M10 12C10 10.8954 10.8954 10 12 10H88C89.1046 10 90 10.8954 90 12V70H10V12Z' fill='white'/><rect x='15' y='30' width='22' height='18' fill='#DADDE2'/><rect x='39' y='30' width='22' height='18' fill='#DADDE2'/><rect x='63' y='30' width='22' height='18' fill='#DADDE2'/></svg>",
	"footer-adv-layout-5": "<svg width='100' height='70' viewBox='0 0 100 70' fill='none' xmlns='http://www.w3.org/2000/svg'><path d='M10 12C10 10.8954 10.8954 10 12 10H88C89.1046 10 90 10.8954 90 12V70H10V12Z' fill='white'/><rect x='16' y='31' width='12' height='18' fill='#DADDE2'/><rect x='30' y='31' width='12' height='18' fill='#DADDE2'/><rect x='44' y='31' width='12' height='18' fill='#DADDE2'/><rect x='58' y='31' width='12' height='18' fill='#DADDE2'/><rect x='72' y='31' width='12' height='18' fill='#DADDE2'/></svg>",
	"footer-adv-layout-6": "<svg width='100' height='70' viewBox='0 0 100 70' fill='none' xmlns='http://www.w3.org/2000/svg'><path d='M10 12C10 10.8954 10.8954 10 12 10H88C89.1046 10 90 10.8954 90 12V70H10V12Z' fill='white'></path><rect x='15' y='31' width='42' height='18' fill='#DADDE2'></rect><rect x='73' y='31' width='12' height='18' fill='#DADDE2'></rect><rect x='59' y='31' width='12' height='18' fill='#DADDE2'></rect></svg>",
	"footer-adv-layout-7": "<svg width='100' height='70' viewBox='0 0 100 70' fill='none' xmlns='http://www.w3.org/2000/svg'> <path d='M10 12C10 10.8954 10.8954 10 12 10H88C89.1046 10 90 10.8954 90 12V70H10V12Z' fill='white'/> <rect x='15' y='36' width='42' height='17' fill='#DADDE2'/> <rect x='73' y='36' width='12' height='17' fill='#DADDE2'/> <rect x='59' y='36' width='12' height='17' fill='#DADDE2'/> <path fill-rule='evenodd' clip-rule='evenodd' d='M85 33H15V30H85V33Z' fill='#DADDE2'/> </svg>",
	"above-header-layout-1": "<svg width='100' height='70' viewBox='0 0 100 70' fill='none' xmlns='http://www.w3.org/2000/svg'> <path d='M10 12C10 10.8954 10.8954 10 12 10H88C89.1046 10 90 10.8954 90 12V70H10V12Z' fill='white'/> <path d='M10 12C10 10.8954 10.8954 10 12 10H88C89.1046 10 90 10.8954 90 12V22H10V12Z' fill='#DADDE2'/> <path fill-rule='evenodd' clip-rule='evenodd' d='M62 16.5H15V15H62V16.5Z' fill='white'/> <path fill-rule='evenodd' clip-rule='evenodd' d='M72.5 16.5H71V15H72.5V16.5Z' fill='white'/> <path fill-rule='evenodd'  clip-rule='evenodd' d='M75.5 16.5H74V15H75.5V16.5Z' fill='white'/> <path fill-rule='evenodd' clip-rule='evenodd' d='M78.5 16.5H77V15H78.5V16.5Z' fill='white'/> <path fill-rule='evenodd' clip-rule='evenodd' d='M81.5 16.5H80V15H81.5V16.5Z' fill='white'/> <path fill-rule='evenodd' clip-rule='evenodd' d='M84.5 16.5H83V15H84.5V16.5Z' fill='white'/> <path fill-rule='evenodd' clip-rule='evenodd' d='M27 31H15V27H27V31Z' fill='#E9EAEE'/> <path fill-rule='evenodd' clip-rule='evenodd' d='M53 30H38V28H53V30Z' fill='#E9EAEE'/> <path fill-rule='evenodd' clip-rule='evenodd' d='M69 30H54V28H69V30Z' fill='#E9EAEE'/> <path fill-rule='evenodd' clip-rule='evenodd' d='M85 30H70V28H85V30Z' fill='#E9EAEE'/> <path fill-rule='evenodd' clip-rule='evenodd' d='M80 46H20V44H80V46Z' fill='#E9EAEE'/> <path fill-rule='evenodd' clip-rule='evenodd' d='M80 51H20V49H80V51Z' fill='#E9EAEE'/> <path fill-rule='evenodd' clip-rule='evenodd' d='M80 56H20V54H80V56Z' fill='#E9EAEE'/> </svg>",
	"above-header-layout-2": "<svg width='100' height='70' viewBox='0 0 100 70' fill='none' xmlns='http://www.w3.org/2000/svg'> <path d='M10 12C10 10.8954 10.8954 10 12 10H88C89.1046 10 90 10.8954 90 12V70H10V12Z' fill='white'/> <path d='M10 12C10 10.8954 10.8954 10 12 10H88C89.1046 10 90 10.8954 90 12V22H10V12Z' fill='#DADDE2'/> <path fill-rule='evenodd' clip-rule='evenodd' d='M73 16.5H26V15H73V16.5Z' fill='white'/> <path fill-rule='evenodd' clip-rule='evenodd' d='M27 31H15V27H27V31Z' fill='#E9EAEE'/> <path fill-rule='evenodd' clip-rule='evenodd' d='M53 30H38V28H53V30Z' fill='#E9EAEE'/> <path fill-rule='evenodd' clip-rule='evenodd' d='M69 30H54V28H69V30Z' fill='#E9EAEE'/> <path fill-rule='evenodd' clip-rule='evenodd' d='M85 30H70V28H85V30Z' fill='#E9EAEE'/> <path fill-rule='evenodd' clip-rule='evenodd' d='M80 46H20V44H80V46Z' fill='#E9EAEE'/> <path fill-rule='evenodd' clip-rule='evenodd' d='M80 51H20V49H80V51Z' fill='#E9EAEE'/> <path fill-rule='evenodd' clip-rule='evenodd' d='M80 56H20V54H80V56Z' fill='#E9EAEE'/> </svg>",
	"edd-archive-page-grid-style": "<svg xmlns='http://www.w3.org/2000/svg' xmlns:xlink='http://www.w3.org/1999/xlink' version='1.1' role='img' id='Layer_1' x='0px' y='0px' width='120.5px' height='81px' viewBox='0 0 120.5 81' enable-background='new 0 0 120.5 81' xml:space='preserve'><g><g><g><g><path fill='#0085BA' d='M116.701,80.796H3.799c-1.957,0-3.549-1.592-3.549-3.549V3.753c0-1.957,1.592-3.549,3.549-3.549h112.902 c1.956,0,3.549,1.592,3.549,3.549v73.494C120.25,79.204,118.657,80.796,116.701,80.796z M3.799,1.979 c-0.979,0-1.773,0.797-1.773,1.774v73.494c0,0.979,0.795,1.772,1.773,1.772h112.902c0.979,0,1.773-0.797,1.773-1.772V3.753 c0-0.979-0.795-1.774-1.773-1.774H3.799z'/></g></g></g><g><g><path fill='#0586BB' d='M93.548,38.73c0,0.977-0.823,1.77-1.84,1.77H28.79c-1.016,0-1.838-0.793-1.838-1.77V20.037 c0-0.977,0.822-1.77,1.838-1.77h62.918c1.017,0,1.84,0.793,1.84,1.77V38.73z'/></g><g><path fill='#0586BB' d='M91.846,53.198H28.655c-0.807,0-1.456-0.692-1.456-1.541s0.649-1.541,1.456-1.541h63.191 c0.805,0,1.454,0.692,1.454,1.541C93.301,52.506,92.65,53.198,91.846,53.198z'/></g><g><path fill='#0586BB' d='M87.941,62.732H32.766c-0.808,0-1.456-0.691-1.456-1.541s0.648-1.541,1.456-1.541h55.177 c0.808,0,1.457,0.691,1.457,1.541S88.75,62.732,87.941,62.732z'/></g></g></g></svg>",
	"edd-archive-page-list-style": "<svg xmlns='http://www.w3.org/2000/svg' xmlns:xlink='http://www.w3.org/1999/xlink' version='1.1' role='img' id='Layer_1' x='0px' y='0px' width='120.5px' height='81px' viewBox='0 0 120.5 81' enable-background='new 0 0 120.5 81' xml:space='preserve'><g><g><g><g><path fill='#0085BA' d='M0.25,77.247V3.753c0-1.957,1.593-3.549,3.549-3.549h112.902c1.957,0,3.549,1.592,3.549,3.549v73.494 c0,1.957-1.592,3.549-3.549,3.549H3.799C1.843,80.796,0.25,79.204,0.25,77.247z M3.799,1.979c-0.979,0-1.773,0.795-1.773,1.774 v73.494c0,0.976,0.795,1.772,1.773,1.772h112.902c0.979,0,1.773-0.793,1.773-1.772V3.753c0-0.977-0.795-1.774-1.773-1.774H3.799 z'/></g></g></g><g><g><g><path fill='#0085BA' d='M99.371,42.385h-31.36c-0.874,0-1.583-0.708-1.583-1.582c0-0.873,0.709-1.582,1.583-1.582h31.36 c0.873,0,1.58,0.709,1.58,1.582C100.951,41.677,100.243,42.385,99.371,42.385z'/></g><g><path fill='#0085BA' d='M99.371,31.667h-31.36c-0.874,0-1.583-0.708-1.583-1.582c0-0.873,0.709-1.582,1.583-1.582h31.36 c0.873,0,1.58,0.709,1.58,1.582S100.243,31.667,99.371,31.667z'/></g><g><path fill='#0085BA' d='M99.371,53.104H75.012c-0.875,0-1.584-0.709-1.584-1.582s0.709-1.582,1.584-1.582h24.359 c0.873,0,1.58,0.709,1.58,1.582S100.243,53.104,99.371,53.104z'/></g></g><g><path fill='#0085BA' d='M53.611,59.336c0,1.217-0.987,2.203-2.204,2.203H21.753c-1.217,0-2.204-0.986-2.204-2.203v-37.67 c0-1.217,0.987-2.205,2.204-2.205h29.654c1.217,0,2.204,0.987,2.204,2.205V59.336z'/></g></g></g></svg>",
	"above-header-inline": "<svg xmlns='http://www.w3.org/2000/svg' xmlns:xlink='http://www.w3.org/1999/xlink' version='1.1' role='img' id='Layer_1' x='0px' y='0px' width='60.5px' height='81px' viewBox='0 0 60.5 81' enable-background='new 0 0 60.5 81' xml:space='preserve'><g><g><g><path fill='#0085BA' d='M51.602,12.975H40.884c-0.493,0-0.892-0.429-0.892-0.959c0-0.529,0.396-0.959,0.892-0.959h10.718 c0.496,0,0.896,0.432,0.896,0.959C52.496,12.546,52.098,12.975,51.602,12.975z'/></g></g><g><g><path fill='#0085BA' d='M51.602,17.205H40.884c-0.493,0-0.892-0.429-0.892-0.959c0-0.529,0.396-0.959,0.892-0.959h10.718 c0.496,0,0.896,0.432,0.896,0.959C52.496,16.775,52.098,17.205,51.602,17.205z'/></g></g><g><g><path fill='#0085BA' d='M51.602,21.435H40.884c-0.493,0-0.892-0.429-0.892-0.959c0-0.529,0.396-0.959,0.892-0.959h10.718 c0.496,0,0.896,0.432,0.896,0.959C52.496,21.004,52.098,21.435,51.602,21.435z'/></g></g></g><g><path fill='#0085BA' d='M25.504,20.933c0,1.161-0.794,2.099-1.773,2.099H9.777c-0.979,0-1.773-0.938-1.773-2.099V11.56 c0-1.16,0.795-2.1,1.773-2.1H23.73c0.979,0,1.772,0.94,1.772,2.1L25.504,20.933L25.504,20.933z'/></g><g><path fill='#0085BA' d='M56.701,80.796H3.799c-1.957,0-3.549-1.592-3.549-3.549V3.753c0-1.957,1.592-3.549,3.549-3.549h52.902 c1.956,0,3.549,1.592,3.549,3.549v73.494C60.25,79.204,58.657,80.796,56.701,80.796z M3.799,1.979 c-0.979,0-1.773,0.797-1.773,1.774v73.494c0,0.979,0.795,1.774,1.773,1.774h52.902c0.979,0,1.773-0.797,1.773-1.774V3.753 c0-0.979-0.795-1.774-1.773-1.774H3.799z'/></g></svg>",
	"above-header-stack": "<svg xmlns='http://www.w3.org/2000/svg' xmlns:xlink='http://www.w3.org/1999/xlink' version='1.1' role='img' id='Layer_1' x='0px' y='0px' width='60.5px' height='81px' viewBox='0 0 60.5 81' enable-background='new 0 0 60.5 81' xml:space='preserve'><g><path fill='#0085BA' d='M56.701,80.796H3.799c-1.957,0-3.549-1.592-3.549-3.549V3.753c0-1.957,1.592-3.549,3.549-3.549h52.902 c1.956,0,3.549,1.592,3.549,3.549v73.494C60.25,79.204,58.657,80.796,56.701,80.796z M3.799,1.979 c-0.979,0-1.773,0.797-1.773,1.774v73.494c0,0.979,0.795,1.774,1.773,1.774h52.902c0.979,0,1.773-0.797,1.773-1.774V3.753 c0-0.979-0.795-1.774-1.773-1.774H3.799z'/></g><g><g><g><path fill='#0085BA' d='M35.607,29.821H24.889c-0.493,0-0.892-0.429-0.892-0.959c0-0.529,0.396-0.959,0.892-0.959h10.718 c0.496,0,0.896,0.432,0.896,0.959C36.502,29.392,36.104,29.821,35.607,29.821z'/></g></g><g><g><path fill='#0085BA' d='M35.607,34.051H24.889c-0.493,0-0.892-0.429-0.892-0.959c0-0.529,0.396-0.959,0.892-0.959h10.718 c0.496,0,0.896,0.432,0.896,0.959C36.502,33.621,36.104,34.051,35.607,34.051z'/></g></g><g><g><path fill='#0085BA' d='M35.607,38.281H24.889c-0.493,0-0.892-0.429-0.892-0.959c0-0.529,0.396-0.959,0.892-0.959h10.718 c0.496,0,0.896,0.432,0.896,0.959C36.502,37.85,36.104,38.281,35.607,38.281z'/></g></g></g><g><path fill='#0085BA' d='M39,20.933c0,1.161-0.794,2.099-1.773,2.099H23.273c-0.979,0-1.773-0.938-1.773-2.099V11.56 c0-1.16,0.795-2.1,1.773-2.1h13.954c0.979,0,1.771,0.94,1.771,2.1L39,20.933L39,20.933z'/></g></svg>",
	"below-header-layout-1": "<svg width='100' height='70' viewBox='0 0 100 70' fill='none' xmlns='http://www.w3.org/2000/svg'> <path d='M10 12C10 10.8954 10.8954 10 12 10H88C89.1046 10 90 10.8954 90 12V70H10V12Z' fill='white'/> <path d='M10 23H90V35H10V23Z' fill='#DADDE2'/> <path fill-rule='evenodd' clip-rule='evenodd' d='M27 19H15V15H27V19Z' fill='#E9EAEE'/> <path fill-rule='evenodd' clip-rule='evenodd' d='M53 18H38V16H53V18Z' fill='#E9EAEE'/> <path fill-rule='evenodd' clip-rule='evenodd' d='M69 18H54V16H69V18Z' fill='#E9EAEE'/> <path fill-rule='evenodd' clip-rule='evenodd' d='M85 18H70V16H85V18Z' fill='#E9EAEE'/> <path fill-rule='evenodd' clip-rule='evenodd' d='M80 48H20V46H80V48Z' fill='#E9EAEE'/> <path fill-rule='evenodd' clip-rule='evenodd' d='M80 53H20V51H80V53Z' fill='#E9EAEE'/> <path fill-rule='evenodd' clip-rule='evenodd' d='M80 58H20V56H80V58Z' fill='#E9EAEE'/> <path fill-rule='evenodd' clip-rule='evenodd' d='M62 29.5H15V28H62V29.5Z' fill='white'/> <path fill-rule='evenodd' clip-rule='evenodd' d='M72.5 29.5H71V28H72.5V29.5Z' fill='white'/> <path fill-rule='evenodd' clip-rule='evenodd' d='M75.5 29.5H74V28H75.5V29.5Z' fill='white'/> <path fill-rule='evenodd' clip-rule='evenodd' d='M78.5 29.5H77V28H78.5V29.5Z' fill='white'/> <path fill-rule='evenodd' clip-rule='evenodd' d='M81.5 29.5H80V28H81.5V29.5Z' fill='white'/> <path fill-rule='evenodd' clip-rule='evenodd' d='M84.5 29.5H83V28H84.5V29.5Z' fill='white'/> </svg>",
	"below-header-layout-2": "<svg width='100' height='70' viewBox='0 0 100 70' fill='none' xmlns='http://www.w3.org/2000/svg'> <path d='M10 12C10 10.8954 10.8954 10 12 10H88C89.1046 10 90 10.8954 90 12V70H10V12Z' fill='white'/> <path d='M10 23H90V35H10V23Z' fill='#DADDE2'/> <path fill-rule='evenodd' clip-rule='evenodd' d='M73 29.5H26V28H73V29.5Z' fill='white'/> <path fill-rule='evenodd' clip-rule='evenodd' d='M27 19H15V15H27V19Z' fill='#E9EAEE'/> <path fill-rule='evenodd' clip-rule='evenodd' d='M53 18H38V16H53V18Z' fill='#E9EAEE'/> <path fill-rule='evenodd' clip-rule='evenodd' d='M69 18H54V16H69V18Z' fill='#E9EAEE'/> <path fill-rule='evenodd' clip-rule='evenodd' d='M85 18H70V16H85V18Z' fill='#E9EAEE'/> <path fill-rule='evenodd' clip-rule='evenodd' d='M80 48H20V46H80V48Z' fill='#E9EAEE'/> <path fill-rule='evenodd' clip-rule='evenodd' d='M80 53H20V51H80V53Z' fill='#E9EAEE'/> <path fill-rule='evenodd' clip-rule='evenodd' d='M80 58H20V56H80V58Z' fill='#E9EAEE'/> </svg>",
	"below-header-inline": "<svg width='100' height='70' viewBox='0 0 100 70' fill='none' xmlns='http://www.w3.org/2000/svg'> <path d='M10 12C10 10.8954 10.8954 10 12 10H88C89.1046 10 90 10.8954 90 12V70H10V12Z' fill='white'/> <path d='M10 12C10 10.8954 10.8954 10 12 10H88C89.1046 10 90 10.8954 90 12V25H10V12Z' fill='#DADDE2'/> <path fill-rule='evenodd' clip-rule='evenodd' d='M27 20H15V16H27V20Z' fill='white'/> <path d='M76.8333 14.75H84.1667V15.6667H76.8333V14.75ZM76.8333 17.0417H84.1667V17.9583H76.8333V17.0417ZM76.8333 19.3333H84.1667V20.25H76.8333V19.3333Z' fill='white'/> <path fill-rule='evenodd' clip-rule='evenodd' d='M80 44H20V42H80V44Z' fill='#E9EAEE'/> <path fill-rule='evenodd' clip-rule='evenodd' d='M80 49H20V47H80V49Z' fill='#E9EAEE'/> <path fill-rule='evenodd' clip-rule='evenodd' d='M80 54H20V52H80V54Z' fill='#E9EAEE'/> </svg>",
	"below-header-stack": "<svg width='100' height='70' viewBox='0 0 100 70' fill='none' xmlns='http://www.w3.org/2000/svg'> <path d='M10 12C10 10.8954 10.8954 10 12 10H88C89.1046 10 90 10.8954 90 12V70H10V12Z' fill='white'/> <path d='M10 12C10 10.8954 10.8954 10 12 10H88C89.1046 10 90 10.8954 90 12V34H10V12Z' fill='#DADDE2'/> <path fill-rule='evenodd' clip-rule='evenodd' d='M80 49H20V47H80V49Z' fill='#E9EAEE'/> <path fill-rule='evenodd' clip-rule='evenodd' d='M80 54H20V52H80V54Z' fill='#E9EAEE'/> <path fill-rule='evenodd' clip-rule='evenodd' d='M80 59H20V57H80V59Z' fill='#E9EAEE'/> <path fill-rule='evenodd' clip-rule='evenodd' d='M56 19H44V15H56V19Z' fill='white'/> <path d='M46.8333 24.75H54.1667V25.6667H46.8333V24.75ZM46.8333 27.0417H54.1667V27.9583H46.8333V27.0417ZM46.8333 29.3333H54.1667V30.25H46.8333V29.3333Z' fill='white'/> </svg>",
	"shop-page-grid-style": "<svg xmlns='http://www.w3.org/2000/svg' xmlns:xlink='http://www.w3.org/1999/xlink' version='1.1' role='img' id='Layer_1' x='0px' y='0px' width='120.5px' height='81px' viewBox='0 0 120.5 81' enable-background='new 0 0 120.5 81' xml:space='preserve'><g><g><g><g><path fill='#0085BA' d='M116.701,80.796H3.799c-1.957,0-3.549-1.592-3.549-3.549V3.753c0-1.957,1.592-3.549,3.549-3.549h112.902 c1.956,0,3.549,1.592,3.549,3.549v73.494C120.25,79.204,118.657,80.796,116.701,80.796z M3.799,1.979 c-0.979,0-1.773,0.797-1.773,1.774v73.494c0,0.979,0.795,1.772,1.773,1.772h112.902c0.979,0,1.773-0.797,1.773-1.772V3.753 c0-0.979-0.795-1.774-1.773-1.774H3.799z'/></g></g></g><g><g><path fill='#0586BB' d='M93.548,38.73c0,0.977-0.823,1.77-1.84,1.77H28.79c-1.016,0-1.838-0.793-1.838-1.77V20.037 c0-0.977,0.822-1.77,1.838-1.77h62.918c1.017,0,1.84,0.793,1.84,1.77V38.73z'/></g><g><path fill='#0586BB' d='M91.846,53.198H28.655c-0.807,0-1.456-0.692-1.456-1.541s0.649-1.541,1.456-1.541h63.191 c0.805,0,1.454,0.692,1.454,1.541C93.301,52.506,92.65,53.198,91.846,53.198z'/></g><g><path fill='#0586BB' d='M87.941,62.732H32.766c-0.808,0-1.456-0.691-1.456-1.541s0.648-1.541,1.456-1.541h55.177 c0.808,0,1.457,0.691,1.457,1.541S88.75,62.732,87.941,62.732z'/></g></g></g></svg>",
	"shop-page-list-style": "<svg xmlns='http://www.w3.org/2000/svg' xmlns:xlink='http://www.w3.org/1999/xlink' version='1.1' role='img' id='Layer_1' x='0px' y='0px' width='120.5px' height='81px' viewBox='0 0 120.5 81' enable-background='new 0 0 120.5 81' xml:space='preserve'><g><g><g><g><path fill='#0085BA' d='M0.25,77.247V3.753c0-1.957,1.593-3.549,3.549-3.549h112.902c1.957,0,3.549,1.592,3.549,3.549v73.494 c0,1.957-1.592,3.549-3.549,3.549H3.799C1.843,80.796,0.25,79.204,0.25,77.247z M3.799,1.979c-0.979,0-1.773,0.795-1.773,1.774 v73.494c0,0.976,0.795,1.772,1.773,1.772h112.902c0.979,0,1.773-0.793,1.773-1.772V3.753c0-0.977-0.795-1.774-1.773-1.774H3.799 z'/></g></g></g><g><g><g><path fill='#0085BA' d='M99.371,42.385h-31.36c-0.874,0-1.583-0.708-1.583-1.582c0-0.873,0.709-1.582,1.583-1.582h31.36 c0.873,0,1.58,0.709,1.58,1.582C100.951,41.677,100.243,42.385,99.371,42.385z'/></g><g><path fill='#0085BA' d='M99.371,31.667h-31.36c-0.874,0-1.583-0.708-1.583-1.582c0-0.873,0.709-1.582,1.583-1.582h31.36 c0.873,0,1.58,0.709,1.58,1.582S100.243,31.667,99.371,31.667z'/></g><g><path fill='#0085BA' d='M99.371,53.104H75.012c-0.875,0-1.584-0.709-1.584-1.582s0.709-1.582,1.584-1.582h24.359 c0.873,0,1.58,0.709,1.58,1.582S100.243,53.104,99.371,53.104z'/></g></g><g><path fill='#0085BA' d='M53.611,59.336c0,1.217-0.987,2.203-2.204,2.203H21.753c-1.217,0-2.204-0.986-2.204-2.203v-37.67 c0-1.217,0.987-2.205,2.204-2.205h29.654c1.217,0,2.204,0.987,2.204,2.205V59.336z'/></g></g></g></svg>",
  "custom-layouts-plus" : "<svg width='24' height='24' viewBox='0 0 24 24' fill='none' xmlns='http://www.w3.org/2000/svg'><mask id='mask0_48_586' style='mask-type:alpha' maskUnits='userSpaceOnUse' x='1' y='2' width='21' height='20'><path fill-rule='evenodd' clip-rule='evenodd' d='M1.99023 12C1.99023 6.48 6.44826 2 11.9412 2C17.4341 2 21.8921 6.48 21.8921 12C21.8921 17.52 17.4341 22 11.9412 22C6.44826 22 1.99023 17.52 1.99023 12ZM12.9363 13H16.9167V11H12.9363V7H10.9461V11H6.96571V13H10.9461V17H12.9363V13Z' fill='white'/></mask><g mask='url(#mask0_48_586)'><rect width='23.8823' height='24' fill='#6B7280'/></g></svg>",
  "custom-layouts-minus" : "<svg width='25' height='24' viewBox='0 0 25 24' fill='none' xmlns='http://www.w3.org/2000/svg'><mask id='mask0_48_610' style='mask-type:alpha' maskUnits='userSpaceOnUse' x='2' y='2' width='21' height='20'><path fill-rule='evenodd' clip-rule='evenodd' d='M2.87305 12C2.87305 6.48 7.33108 2 12.824 2C18.3169 2 22.775 6.48 22.775 12C22.775 17.52 18.3169 22 12.824 22C7.33108 22 2.87305 17.52 2.87305 12ZM7.84853 13H17.7995V11H7.84853V13Z' fill='white'/></mask><g mask='url(#mask0_48_610)'><rect x='0.882812' width='23.8823' height='24' fill='#6B7280'/></g></svg>",
	"cl-uag-icon" : "<svg width='40' height='40' viewBox='0 0 84 85' fill='none'><path d='M41.7849 0C33.5206 0 25.4419 2.49258 18.5705 7.16254C11.699 11.8325 6.34331 18.4701 3.18071 26.236C0.0181112 34.0018 -0.809377 42.5471 0.802901 50.7913C2.41518 59.0355 6.3948 66.6083 12.2385 72.552C18.0822 78.4958 25.5276 82.5435 33.633 84.1834C41.7385 85.8232 50.1401 84.9816 57.7753 81.7649C65.4105 78.5482 71.9363 73.1008 76.5277 66.1117C81.1191 59.1226 83.5697 50.9057 83.5697 42.5C83.565 31.2298 79.1612 20.4225 71.326 12.4533C63.4908 4.48402 52.8655 0.0048112 41.7849 0ZM57.5278 49.0175C57.5278 49.1264 57.5278 49.2354 57.5278 49.3443V49.6529V49.8526C57.3161 51.0856 56.8673 52.2639 56.207 53.3201L55.8143 53.8829L55.2431 54.5546C55.0482 54.8082 54.8268 55.0396 54.5827 55.2445V55.3353L54.4578 55.4261L54.2079 55.6258C54.1249 55.7007 54.0353 55.7675 53.9402 55.8255L53.6724 56.0071L34.3061 69.0602C34.1479 69.1683 33.9612 69.2253 33.7706 69.2236H33.5743C33.447 69.1967 33.3262 69.1443 33.2189 69.0695C33.1117 68.9947 33.0201 68.899 32.9495 68.7879C32.9495 68.7879 32.5033 67.9891 32.4676 67.9347V67.7531V67.6623V67.5534V67.4263V67.2811C31.7014 65.262 31.6378 63.0371 32.2872 60.9761C32.9366 58.9152 34.2601 57.1424 36.0375 55.9526L45.0691 49.8708C45.2101 49.7754 45.3201 49.6398 45.3853 49.4809C45.4505 49.322 45.4679 49.147 45.4355 48.9781C45.403 48.8091 45.3221 48.6537 45.2029 48.5315C45.0837 48.4093 44.9316 48.3257 44.7657 48.2913L34.1633 46.1128H33.8599H33.7706H33.485H33.1816H33.0567H32.896H32.8068L32.5212 46.0038H32.4319H32.2534L31.9679 45.8586L31.6823 45.7134L31.4145 45.55L31.1468 45.3866C30.3041 44.8521 29.5509 44.1841 28.9156 43.4077L28.6836 43.0809L28.4159 42.6634C27.73 41.6278 27.255 40.4629 27.0189 39.2375C26.7828 38.012 26.7905 36.751 27.0415 35.5286C27.228 34.6884 27.5221 33.8766 27.9161 33.1141C28.0232 32.9144 28.1124 32.7328 28.2195 32.5694L28.3802 32.3153C28.4948 32.1207 28.6199 31.9329 28.755 31.7525L28.9156 31.5528L29.112 31.3167L29.3083 31.0989L29.4333 30.9718L29.6475 30.754L29.8259 30.5906L30.0223 30.4272L30.2365 30.2456H30.3257L30.4685 30.1185H30.5578L30.7898 29.9551L50.049 16.9746C50.1725 16.8912 50.3113 16.8338 50.457 16.806C50.6027 16.7782 50.7524 16.7804 50.8973 16.8126C51.0421 16.8448 51.1791 16.9062 51.3002 16.9933C51.4212 17.0804 51.5238 17.1913 51.6019 17.3195L51.7626 17.5918L51.8875 17.846C51.8875 17.9368 51.9768 18.0094 52.0125 18.082C52.0125 18.082 52.0125 18.082 52.0125 18.191C52.0239 18.2325 52.0239 18.2765 52.0125 18.318L52.1195 18.5904C52.1292 18.6383 52.1292 18.6877 52.1195 18.7356C52.1195 18.7356 52.1195 18.7356 52.1195 18.8445C52.8288 20.8305 52.8625 23.0011 52.2153 25.0089C51.5681 27.0166 50.2774 28.7455 48.5497 29.9188L39.6251 35.9462C39.4842 36.0415 39.3742 36.1772 39.309 36.3361C39.2438 36.495 39.2263 36.6699 39.2588 36.8389C39.2912 37.0078 39.3722 37.1632 39.4914 37.2854C39.6106 37.4077 39.7627 37.4912 39.9286 37.5256L50.4417 39.686C52.5458 40.1281 54.4361 41.2935 55.7948 42.9862C57.1536 44.679 57.8979 46.796 57.9027 48.9812C57.5635 48.4003 57.5278 48.9812 57.5278 48.9812V49.0175Z' fill='url(#paint0_linear_619_170)'></path><linearGradient id='paint0_linear_619_170' x1='1.17098e-05' y1='1.49716e-06' x2='84.02' y2='71.3596' gradientUnits='userSpaceOnUse'><stop stop-color='#fff'></stop><stop offset='1' stop-color='#fff'></stop></linearGradient></svg>",
	"cl-header-layout" : "<svg width='120' height='120' viewBox='0 0 91 91' fill='none' xmlns='http://www.w3.org/2000/svg'><g clip-path='url(#clip0_407_19)'><rect x='0.961639' y='0.756592' width='90' height='90' rx='2' fill='white'/><rect x='-3.3295' y='0.756592' width='98.3498' height='15.2979' fill='#CDD0D5'/><path d='M6.06415 8.40555L56.0055 8.40555' stroke='white' stroke-width='2'/><path d='M64.9037 8.40555L70.1201 8.40555' stroke='white' stroke-width='2'/><path d='M72.657 8.40555L77.8734 8.40555' stroke='white' stroke-width='2'/><path d='M80.4103 8.40555L85.6266 8.40555' stroke='white' stroke-width='2'/><rect x='13.4079' y='26.9992' width='65.1074' height='33.1053' stroke='#E9EAEE' stroke-width='2'/><path fill-rule='evenodd' clip-rule='evenodd' d='M79.3197 68.7578H12.4079V66.7578H79.3197V68.7578Z' fill='#E9EAEE'/><path fill-rule='evenodd' clip-rule='evenodd' d='M79.3197 73.7578H12.4079V71.7578H79.3197V73.7578Z' fill='#E9EAEE'/><path fill-rule='evenodd' clip-rule='evenodd' d='M79.3197 78.7578H12.4079V76.7578H79.3197V78.7578Z' fill='#E9EAEE'/></g><rect x='1.46164' y='1.25659' width='89' height='89' rx='1.5' stroke='#CDD0D4'/><defs><clipPath id='clip0_407_19'><rect x='0.961639' y='0.756592' width='90' height='90' rx='2' fill='white'/></clipPath></defs></svg>",
	"cl-footer-layout" : "<svg width='120' height='120' viewBox='0 0 91 91' fill='none' xmlns='http://www.w3.org/2000/svg'><g clip-path='url(#clip0_407_33)'><rect x='0.632721' y='0.756592' width='90' height='90' rx='2' fill='white'/><rect x='-3.65842' y='69.3642' width='98.3498' height='21.3924' fill='#CDD0D4'/><path d='M9.31985 80.0604L21.2973 80.0604' stroke='white' stroke-width='2'/><path d='M24.4819 80.0604L36.4594 80.0604' stroke='white' stroke-width='2'/><path d='M39.644 80.0604L51.6214 80.0604' stroke='white' stroke-width='2'/><path d='M54.8061 80.0604L66.7835 80.0604' stroke='white' stroke-width='2'/><path d='M69.9681 80.0604L81.9456 80.0604' stroke='white' stroke-width='2'/><rect x='13.079' y='14.523' width='65.1074' height='41.4331' stroke='#E9EAEE' stroke-width='2'/></g><rect x='1.13272' y='1.25659' width='89' height='89' rx='1.5' stroke='#CDD0D4'/><defs><clipPath id='clip0_407_33'><rect x='0.632721' y='0.756592' width='90' height='90' rx='2' fill='white'/></clipPath></defs></svg>",
	"cl-404-page-layout" : "<svg width='120' height='120' viewBox='0 0 91 91' fill='none' xmlns='http://www.w3.org/2000/svg'><g clip-path='url(#clip0_407_47)'><rect x='0.303741' y='0.756592' width='90' height='90' rx='2' fill='white'/><rect x='0.303741' y='0.756592' width='90' height='15.2979' fill='#CDD0D4'/><path d='M62.744 8.40555L67.5175 8.40555' stroke='white' stroke-width='2'/><path d='M69.8391 8.40555L74.6126 8.40555' stroke='white' stroke-width='2'/><path d='M76.9341 8.40555L81.7076 8.40555' stroke='white' stroke-width='2'/><path d='M16.1291 59.7091V57.119L27.5562 39.0387H29.4354V43.0509H28.1657L19.5319 56.7127V56.9158H34.9204V59.7091H16.1291ZM28.3688 65.0418V39.0387H31.3653V65.0418H28.3688Z' fill='#CDD0D4'/><path d='M45.4142 65.3973C43.5012 65.3973 41.8718 64.8767 40.5259 63.8356C39.1801 62.786 38.1516 61.2666 37.4406 59.2774C36.7296 57.2798 36.3741 54.8674 36.3741 52.0403C36.3741 49.23 36.7296 46.8303 37.4406 44.8412C38.1601 42.8435 39.1928 41.3199 40.5386 40.2703C41.893 39.2123 43.5182 38.6832 45.4142 38.6832C47.3103 38.6832 48.9312 39.2123 50.2771 40.2703C51.6314 41.3199 52.6641 42.8435 53.3751 44.8412C54.0946 46.8303 54.4543 49.23 54.4543 52.0403C54.4543 54.8674 54.0988 57.2798 53.3878 59.2774C52.6768 61.2666 51.6483 62.786 50.3025 63.8356C48.9566 64.8767 47.3272 65.3973 45.4142 65.3973ZM45.4142 62.604C47.3103 62.604 48.7831 61.6898 49.8327 59.8615C50.8823 58.0332 51.4071 55.4261 51.4071 52.0403C51.4071 49.7887 51.1659 47.8715 50.6834 46.2886C50.2094 44.7057 49.5237 43.4995 48.6265 42.67C47.7377 41.8405 46.667 41.4257 45.4142 41.4257C43.5351 41.4257 42.0665 42.3526 41.0084 44.2063C39.9504 46.0516 39.4213 48.6629 39.4213 52.0403C39.4213 54.2918 39.6583 56.2048 40.1323 57.7792C40.6064 59.3536 41.2877 60.5513 42.1765 61.3724C43.0738 62.1935 44.153 62.604 45.4142 62.604Z' fill='#CDD0D4'/><path d='M55.6871 59.7091V57.119L67.1143 39.0387H68.9934V43.0509H67.7237L59.0899 56.7127V56.9158H74.4784V59.7091H55.6871ZM67.9268 65.0418V39.0387H70.9233V65.0418H67.9268Z' fill='#CDD0D4'/></g><rect x='0.803741' y='1.25659' width='89' height='89' rx='1.5' stroke='#CDD0D4'/><defs><clipPath id='clip0_407_47'><rect x='0.303741' y='0.756592' width='90' height='90' rx='2' fill='white'/></clipPath></defs></svg>",
	"cl-hooks-layout" : "<svg width='120' height='120' viewBox='0 0 91 91' fill='none' xmlns='http://www.w3.org/2000/svg'><g clip-path='url(#clip0_407_56)'><rect x='0.961639' y='0.756592' width='90' height='90' rx='2' fill='white'/><rect x='-3.21326' y='0.756592' width='98.3498' height='15.2979' fill='#CDD0D4'/><path d='M65.02 8.40555L70.2363 8.40555' stroke='white' stroke-width='2'/><path d='M72.7733 8.40555L77.9896 8.40555' stroke='white' stroke-width='2'/><path d='M80.5266 8.40555L85.7429 8.40555' stroke='white' stroke-width='2'/><rect x='12.5058' y='28.0555' width='66.9117' height='27.8014' fill='#CDD0D4'/><path fill-rule='evenodd' clip-rule='evenodd' d='M79.4175 64.9478H12.5058V62.9478H79.4175V64.9478Z' fill='#E9EAEE'/><path fill-rule='evenodd' clip-rule='evenodd' d='M79.4175 69.9478H12.5058V67.9478H79.4175V69.9478Z' fill='#E9EAEE'/><path fill-rule='evenodd' clip-rule='evenodd' d='M79.4175 74.9478H12.5058V72.9478H79.4175V74.9478Z' fill='#E9EAEE'/><path d='M31.8643 43.7107V41.4649L40.8473 37.5093V40.0932L34.697 42.5623L34.7799 42.4283V42.7473L34.697 42.6133L40.8473 45.0824V47.6663L31.8643 43.7107Z' fill='white'/><path d='M49.237 34.1343L45.0262 49.778H42.6847L46.8955 34.1343H49.237Z' fill='white'/><path d='M60.059 43.7107L51.076 47.6663V45.0824L57.2263 42.6133L57.1434 42.7473V42.4283L57.2263 42.5623L51.076 40.0932V37.5093L60.059 41.4649V43.7107Z' fill='white'/></g><rect x='1.46164' y='1.25659' width='89' height='89' rx='1.5' stroke='#CDD0D4'/><defs><clipPath id='clip0_407_56'><rect x='0.961639' y='0.756592' width='90' height='90' rx='2' fill='white'/></clipPath></defs></svg>",
	"cl-inside-post-layout" : "<svg width='120' height='120' viewBox='0 0 91 91' fill='none' xmlns='http://www.w3.org/2000/svg'><g clip-path='url(#clip0_407_70)'><rect x='0.619629' y='0.756592' width='90' height='90' rx='2' fill='white'/><rect x='-3.55527' y='0.756592' width='98.3498' height='15.2979' fill='#CDD0D4'/><path d='M64.678 8.40555L69.8943 8.40555' stroke='white' stroke-width='2'/><path d='M72.4312 8.40555L77.6476 8.40555' stroke='white' stroke-width='2'/><path d='M80.1845 8.40555L85.4009 8.40555' stroke='white' stroke-width='2'/><rect x='12.1638' y='39.5422' width='66.9117' height='20.1317' fill='#CDD0D4'/><path fill-rule='evenodd' clip-rule='evenodd' d='M79.0755 67.0471H12.1638V65.0471H79.0755V67.0471Z' fill='#E9EAEE'/><path fill-rule='evenodd' clip-rule='evenodd' d='M79.0755 29.4248H12.1638V27.4248H79.0755V29.4248Z' fill='#E9EAEE'/><path fill-rule='evenodd' clip-rule='evenodd' d='M79.0755 72.0471H12.1638V70.0471H79.0755V72.0471Z' fill='#E9EAEE'/><path fill-rule='evenodd' clip-rule='evenodd' d='M79.0755 34.4248H12.1638V32.4248H79.0755V34.4248Z' fill='#E9EAEE'/><path fill-rule='evenodd' clip-rule='evenodd' d='M44.562 77.0471H12.1638V75.0471H44.562V77.0471Z' fill='#E9EAEE'/></g><rect x='1.11963' y='1.25659' width='89' height='89' rx='1.5' stroke='#CDD0D4'/><defs><clipPath id='clip0_407_70'><rect x='0.619629' y='0.756592' width='90' height='90' rx='2' fill='white'/></clipPath></defs></svg>",
  "custom-layout-sidebar-icon" : "<svg xmlns='http://www.w3.org/2000/svg' xmlns:xlink='http://www.w3.org/1999/xlink' aria-hidden='true' role='img' width='24' height='24' preserveAspectRatio='xMidYMid meet' viewBox='0 0 24 24' ><path d='M5 10c0 1.1-.9 2-2 2s-2-.9-2-2s.9-2 2-2s2 .9 2 2zm12-2c-1.1 0-2 .9-2 2s.9 2 2 2s2-.9 2-2s-.9-2-2-2zm-7 0c-1.1 0-2 .9-2 2s.9 2 2 2s2-.9 2-2s-.9-2-2-2z' fill='currentColor'></path></svg>",
  "astra-brand-icon" : "<svg width='30' height='30' viewBox='0 0 30 30' fill='none' xmlns='http://www.w3.org/2000/svg' data-ast-logo='true'><path d='M15 30C23.2843 30 30 23.2843 30 15C30 6.71573 23.2843 0 15 0C6.71573 0 0 6.71573 0 15C0 23.2843 6.71573 30 15 30Z' fill='url(#paint0_linear_3_65)'/><path d='M14.8187 6.65326C12.2784 12.0121 9.73808 17.3831 7.19775 22.742C8.28646 22.742 9.37517 22.742 10.4639 22.742C12.5203 18.5928 14.5768 14.4315 16.6332 10.2823L14.8187 6.65326Z' fill='white'/><path d='M18.2056 13.3065C17.1532 15.4839 16.1129 17.6614 15.0605 19.8388L15 19.9597H15.0605C16.0645 19.9597 17.0806 19.9597 18.0847 19.9597C18.4839 20.8912 18.8952 21.8106 19.2944 22.742C20.4677 22.742 21.629 22.742 22.8024 22.742C21.2661 19.5968 19.7419 16.4517 18.2056 13.3065Z' fill='white'/><defs><linearGradient id='paint0_linear_3_65' x1='3.85272' y1='25.037' x2='26.1473' y2='4.96296' gradientUnits='userSpaceOnUse'><stop stop-color='#492CDD'/><stop offset='1' stop-color='#AD38E2'/></linearGradient></defs></svg>",
	"custom-layouts-edit" : "<svg width='20px' height='20px' aria-hidden='true' role='img' focusable='false' xmlns='http://www.w3.org/2000/svg' viewBox='0 0 1792 1792' fill='currentColor'><path d='M888 1184l116-116-152-152-116 116v56h96v96h56zm440-720q-16-16-33 1l-350 350q-17 17-1 33t33-1l350-350q17-17 1-33zm80 594v190q0 119-84.5 203.5t-203.5 84.5h-832q-119 0-203.5-84.5t-84.5-203.5v-832q0-119 84.5-203.5t203.5-84.5h832q63 0 117 25 15 7 18 23 3 17-9 29l-49 49q-14 14-32 8-23-6-45-6h-832q-66 0-113 47t-47 113v832q0 66 47 113t113 47h832q66 0 113-47t47-113v-126q0-13 9-22l64-64q15-15 35-7t20 29zm-96-738l288 288-672 672h-288v-288zm444 132l-92 92-288-288 92-92q28-28 68-28t68 28l152 152q28 28 28 68t-28 68z'></svg>",
  "astra-meta-settings" : "<svg width='22px' height='22px' version='1.1' xmlns='http://www.w3.org/2000/svg' xmlns='http://www.w3.org/1999/xlink' x='0px' y='0px' width='60px' height='60px' viewBox='0 0 60 60' space='preserve'><linearGradient gradientUnits='userSpaceOnUse' x1='514.4975' y1='-404.01' x2='569.5025' y2='-383.9898' gradientTransform='matrix(1 0 0 -1 -512 -364)'></linearGradient><path d='M30,0.74C13.84,0.74,0.74,13.84,0.74,30c0,16.16,13.1,29.26,29.26,29.26c16.16,0,29.26-13.1,29.26-29.26 C59.26,13.84,46.16,0.74,30,0.74z M21.15,45.1c-2.13,0-4.25,0-6.37,0c4.95-10.46,9.91-20.92,14.86-31.38c0,0,0,0,0,0l3.54,7.08 C29.17,28.9,25.16,37,21.15,45.1z M38.37,45.1c-0.78-1.81-1.57-3.62-2.35-5.43c-1.97,0-3.93,0-5.9,0H30l0.12-0.24 c2.04-4.25,4.09-8.5,6.14-12.74c2.98,6.13,5.97,12.27,8.97,18.41C42.94,45.1,40.66,45.1,38.37,45.1z'/></svg>",
	"shopping-bag": "<svg xmlns='http://www.w3.org/2000/svg' xmlns:xlink='http://www.w3.org/1999/xlink' version='1.1' id='Layer_1' x='0px' y='0px' width='100' height='100' viewBox='826 826 140 140' enable-background='new 826 826 140 140' xml:space='preserve'><path d='M960.758,934.509l2.632,23.541c0.15,1.403-0.25,2.657-1.203,3.761c-0.953,1.053-2.156,1.579-3.61,1.579H833.424  c-1.454,0-2.657-0.526-3.61-1.579c-0.952-1.104-1.354-2.357-1.203-3.761l2.632-23.541H960.758z M953.763,871.405l6.468,58.29H831.77  l6.468-58.29c0.15-1.203,0.677-2.218,1.58-3.045c0.903-0.827,1.981-1.241,3.234-1.241h19.254v9.627c0,2.658,0.94,4.927,2.82,6.807  s4.149,2.82,6.807,2.82c2.658,0,4.926-0.94,6.807-2.82s2.821-4.149,2.821-6.807v-9.627h28.882v9.627  c0,2.658,0.939,4.927,2.819,6.807c1.881,1.88,4.149,2.82,6.807,2.82s4.927-0.94,6.808-2.82c1.879-1.88,2.82-4.149,2.82-6.807v-9.627  h19.253c1.255,0,2.332,0.414,3.235,1.241C953.086,869.187,953.612,870.202,953.763,871.405z M924.881,857.492v19.254  c0,1.304-0.476,2.432-1.429,3.385s-2.08,1.429-3.385,1.429c-1.303,0-2.432-0.477-3.384-1.429c-0.953-0.953-1.43-2.081-1.43-3.385  v-19.254c0-5.315-1.881-9.853-5.641-13.613c-3.76-3.761-8.298-5.641-13.613-5.641s-9.853,1.88-13.613,5.641  c-3.761,3.76-5.641,8.298-5.641,13.613v19.254c0,1.304-0.476,2.432-1.429,3.385c-0.953,0.953-2.081,1.429-3.385,1.429  c-1.303,0-2.432-0.477-3.384-1.429c-0.953-0.953-1.429-2.081-1.429-3.385v-19.254c0-7.973,2.821-14.779,8.461-20.42  c5.641-5.641,12.448-8.461,20.42-8.461c7.973,0,14.779,2.82,20.42,8.461C922.062,842.712,924.881,849.519,924.881,857.492z'/></svg>",
  "shopping-default": "<svg xmlns='http://www.w3.org/2000/svg' viewBox='0 0 448 512'><path d='M352 160v-32C352 57.42 294.579 0 224 0 153.42 0 96 57.42 96 128v32H0v272c0 44.183 35.817 80 80 80h288c44.183 0 80-35.817 80-80V160h-96zm-192-32c0-35.29 28.71-64 64-64s64 28.71 64 64v32H160v-32zm160 120c-13.255 0-24-10.745-24-24s10.745-24 24-24 24 10.745 24 24-10.745 24-24 24zm-192 0c-13.255 0-24-10.745-24-24s10.745-24 24-24 24 10.745 24 24-10.745 24-24 24z'></path></svg>",
	"shopping-basket": "<svg xmlns='http://www.w3.org/2000/svg' viewBox='0 0 576 512'><path d='M576 216v16c0 13.255-10.745 24-24 24h-8l-26.113 182.788C514.509 462.435 494.257 480 470.37 480H105.63c-23.887 0-44.139-17.565-47.518-41.212L32 256h-8c-13.255 0-24-10.745-24-24v-16c0-13.255 10.745-24 24-24h67.341l106.78-146.821c10.395-14.292 30.407-17.453 44.701-7.058 14.293 10.395 17.453 30.408 7.058 44.701L170.477 192h235.046L326.12 82.821c-10.395-14.292-7.234-34.306 7.059-44.701 14.291-10.395 34.306-7.235 44.701 7.058L484.659 192H552c13.255 0 24 10.745 24 24zM312 392V280c0-13.255-10.745-24-24-24s-24 10.745-24 24v112c0 13.255 10.745 24 24 24s24-10.745 24-24zm112 0V280c0-13.255-10.745-24-24-24s-24 10.745-24 24v112c0 13.255 10.745 24 24 24s24-10.745 24-24zm-224 0V280c0-13.255-10.745-24-24-24s-24 10.745-24 24v112c0 13.255 10.745 24 24 24s24-10.745 24-24z'></path></svg>",
	"shopping-cart": "<svg xmlns='http://www.w3.org/2000/svg' viewBox='0 0 576 512'><path d='M528.12 301.319l47.273-208C578.806 78.301 567.391 64 551.99 64H159.208l-9.166-44.81C147.758 8.021 137.93 0 126.529 0H24C10.745 0 0 10.745 0 24v16c0 13.255 10.745 24 24 24h69.883l70.248 343.435C147.325 417.1 136 435.222 136 456c0 30.928 25.072 56 56 56s56-25.072 56-56c0-15.674-6.447-29.835-16.824-40h209.647C430.447 426.165 424 440.326 424 456c0 30.928 25.072 56 56 56s56-25.072 56-56c0-22.172-12.888-41.332-31.579-50.405l5.517-24.276c3.413-15.018-8.002-29.319-23.403-29.319H218.117l-6.545-32h293.145c11.206 0 20.92-7.754 23.403-18.681z'></path></svg>",
	"angle-down": "<svg xmlns='http://www.w3.org/2000/svg' width='24' height='24' viewBox='0 0 24 24'><path d='M0 7.33l2.829-2.83 9.175 9.339 9.167-9.339 2.829 2.83-11.996 12.17z'/></svg>",
	"history": "<svg xmlns='http://www.w3.org/2000/svg' width='24' height='24' viewBox='0 0 24 24'><path d='M24 12c0 6.627-5.373 12-12 12s-12-5.373-12-12h2c0 5.514 4.486 10 10 10s10-4.486 10-10-4.486-10-10-10c-2.777 0-5.287 1.141-7.099 2.977l2.061 2.061-6.962 1.354 1.305-7.013 2.179 2.18c2.172-2.196 5.182-3.559 8.516-3.559 6.627 0 12 5.373 12 12zm-13-6v8h7v-2h-5v-6h-2z'/></svg>",
	"plus": "<svg xmlns='http://www.w3.org/2000/svg' width='24' height='24' viewBox='0 0 24 24'><path d='M24 10h-10v-10h-4v10h-10v4h10v10h4v-10h10z'/></svg>",
	"minus": "<svg xmlns='http://www.w3.org/2000/svg' width='24' height='24' viewBox='0 0 24 24'><path d='M0 10h24v4h-24z'/></svg>",
	"angle-right": "<svg xmlns='http://www.w3.org/2000/svg' width='24' height='24' viewBox='0 0 24 24'><path d='M5 3l3.057-3 11.943 12-11.943 12-3.057-3 9-9z'/></svg>",
	"padlock" : "<svg version='1.1' id='Layer_1' xmlns='http://www.w3.org/2000/svg' xmlns:xlink='http://www.w3.org/1999/xlink' x='0px' y='0px' viewBox='0 0 1309.443 1658.036' enable-background='new 0 0 1309.443 1658.036' xml:space='preserve'><g><path d='M1124.664,644.322H184.779c-80.353,0-145.493,65.139-145.493,145.493v693.711c0,80.354,65.139,145.493,145.493,145.493 h939.885c80.353,0,145.493-65.139,145.493-145.493V789.814C1270.157,709.461,1205.017,644.322,1124.664,644.322z M717.651,1149.325 c1.166,4.857,1.801,9.915,1.801,15.117v124.451c0,35.832-29.317,65.148-65.148,65.148c-35.832,0-65.149-29.317-65.149-65.148 v-124.451c0-5.356,0.668-10.562,1.902-15.551c-35.921-21.626-59.951-60.993-59.951-105.976 c0-68.271,55.345-123.615,123.615-123.615c68.271,0,123.615,55.344,123.615,123.615 C778.337,1088.203,753.978,1127.795,717.651,1149.325z'/><path d='M800.192,53.478c-46.481-16.909-94.021-24.534-142.199-24.459c-48.178-0.075-102.262,7.55-148.743,24.459 c-216.571,78.787-295.237,273.21-284.399,530.585h179.785c-10.095-177.358,35.728-296.867,147.728-347.915 c64.887-29.574,139.826-29.574,204.713,0c112,51.047,157.823,170.556,147.728,347.915h179.785 C1095.429,326.688,1016.764,132.265,800.192,53.478z'/></g></svg>",
  "horn": "<svg width='20' height='20' viewBox='0 0 20 20' fill='none' xmlns='http://www.w3.org/2000/svg'> <path d='M9.16667 4.90182V16.0335C9.16667 16.8434 8.51008 17.5 7.70015 17.5C7.08038 17.5 6.52752 17.1104 6.31907 16.5267L4.53039 11.4024M15 10.8333C16.3807 10.8333 17.5 9.71404 17.5 8.33333C17.5 6.95262 16.3807 5.83333 15 5.83333M4.53039 11.4024C3.33691 10.8951 2.5 9.71194 2.5 8.33333C2.5 6.49238 3.99238 5 5.83333 5H7.36007C10.7773 5 13.7141 3.97159 15 2.5L15 14.1667C13.7141 12.6951 10.7773 11.6667 7.36007 11.6667L5.83331 11.6667C5.37098 11.6667 4.93064 11.5725 4.53039 11.4024Z' stroke='#4B5563' stroke-width='1.4' stroke-linecap='round' stroke-linejoin='round'/> </svg>"
}
